{
  "baseline_classifier": {
    "precision": 0.8454545454545455,
    "recall": 0.6813186813186813,
    "f1": 0.7545638945233266
  },
  "num_samples": 546
}