{
  "classification": {
    "precision": 0.8120567375886525,
    "recall": 0.8388278388278388,
    "f1": 0.8252252252252252
  },
  "span_localization": {
    "exact_match_accuracy": 0.90625,
    "num_evaluated": 288
  },
  "entropy_regression": {
    "mae": 0.7141614017032442
  },
  "num_samples": 546
}